	model_id	api_root	endpoint	dirname
10	TM00199	http://tumor.informatics.jax.org/PDXInfo/TSVData.do?	model_variation	mut
11	TM00099	http://tumor.informatics.jax.org/PDXInfo/TSVData.do?	model_variation	mut
45	TM00857	http://tumor.informatics.jax.org/PDXInfo/TSVData.do?	model_variation	mut
50	TM00327	http://tumor.informatics.jax.org/PDXInfo/TSVData.do?	model_variation	mut
59	TM01264	http://tumor.informatics.jax.org/PDXInfo/TSVData.do?	model_variation	mut
66	TM01448	http://tumor.informatics.jax.org/PDXInfo/TSVData.do?	model_variation	mut
69	TM00222	http://tumor.informatics.jax.org/PDXInfo/TSVData.do?	model_variation	mut
88	TM01029	http://tumor.informatics.jax.org/PDXInfo/TSVData.do?	model_variation	mut
98	TM00327	http://tumor.informatics.jax.org/PDXInfo/TSVData.do?	model_variation	mut
100	TM01353	http://tumor.informatics.jax.org/PDXInfo/TSVData.do?	model_variation	mut
101	TM01353	http://tumor.informatics.jax.org/PDXInfo/TSVData.do?	model_variation	mut
107	TM00327	http://tumor.informatics.jax.org/PDXInfo/TSVData.do?	model_variation	mut
109	J000099327	http://tumor.informatics.jax.org/PDXInfo/TSVData.do?	model_variation	mut
121	TM00226	http://tumor.informatics.jax.org/PDXInfo/TSVData.do?	model_variation	mut
128	TM00025	http://tumor.informatics.jax.org/PDXInfo/TSVData.do?	model_variation	mut
130	TM00327	http://tumor.informatics.jax.org/PDXInfo/TSVData.do?	model_variation	mut
132	TM00334	http://tumor.informatics.jax.org/PDXInfo/TSVData.do?	model_variation	mut
135	TM00334	http://tumor.informatics.jax.org/PDXInfo/TSVData.do?	model_variation	mut
141	TM00999	http://tumor.informatics.jax.org/PDXInfo/TSVData.do?	model_variation	mut
142	TM00327	http://tumor.informatics.jax.org/PDXInfo/TSVData.do?	model_variation	mut
146	J000077712	http://tumor.informatics.jax.org/PDXInfo/TSVData.do?	model_variation	mut
152	J000104117	http://tumor.informatics.jax.org/PDXInfo/TSVData.do?	model_variation	mut
153	TM00214	http://tumor.informatics.jax.org/PDXInfo/TSVData.do?	model_variation	mut
158	TM00857	http://tumor.informatics.jax.org/PDXInfo/TSVData.do?	model_variation	mut
160	TM01510	http://tumor.informatics.jax.org/PDXInfo/TSVData.do?	model_variation	mut
164	TM00063	http://tumor.informatics.jax.org/PDXInfo/TSVData.do?	model_variation	mut
165	TM00063	http://tumor.informatics.jax.org/PDXInfo/TSVData.do?	model_variation	mut
167	TM01386	http://tumor.informatics.jax.org/PDXInfo/TSVData.do?	model_variation	mut
169	TM00099	http://tumor.informatics.jax.org/PDXInfo/TSVData.do?	model_variation	mut
170	TM01594	http://tumor.informatics.jax.org/PDXInfo/TSVData.do?	model_variation	mut
173	TM00013	http://tumor.informatics.jax.org/PDXInfo/TSVData.do?	model_variation	mut
174	TM01594	http://tumor.informatics.jax.org/PDXInfo/TSVData.do?	model_variation	mut
175	TM00016	http://tumor.informatics.jax.org/PDXInfo/TSVData.do?	model_variation	mut
180	TM00176	http://tumor.informatics.jax.org/PDXInfo/TSVData.do?	model_variation	mut
181	TM00016	http://tumor.informatics.jax.org/PDXInfo/TSVData.do?	model_variation	mut
187	J000101328	http://tumor.informatics.jax.org/PDXInfo/TSVData.do?	model_variation	mut
188	TM00112	http://tumor.informatics.jax.org/PDXInfo/TSVData.do?	model_variation	mut
191	TM00352	http://tumor.informatics.jax.org/PDXInfo/TSVData.do?	model_variation	mut
192	TM00334	http://tumor.informatics.jax.org/PDXInfo/TSVData.do?	model_variation	mut
193	TM00206	http://tumor.informatics.jax.org/PDXInfo/TSVData.do?	model_variation	mut
202	TM00165	http://tumor.informatics.jax.org/PDXInfo/TSVData.do?	model_variation	mut
203	TM00222	http://tumor.informatics.jax.org/PDXInfo/TSVData.do?	model_variation	mut
204	J000102630	http://tumor.informatics.jax.org/PDXInfo/TSVData.do?	model_variation	mut
205	TM00219	http://tumor.informatics.jax.org/PDXInfo/TSVData.do?	model_variation	mut
208	TM00921	http://tumor.informatics.jax.org/PDXInfo/TSVData.do?	model_variation	mut
212	J000100365	http://tumor.informatics.jax.org/PDXInfo/TSVData.do?	model_variation	mut
214	TM00026	http://tumor.informatics.jax.org/PDXInfo/TSVData.do?	model_variation	mut
215	TM00857	http://tumor.informatics.jax.org/PDXInfo/TSVData.do?	model_variation	mut
216	TM01569	http://tumor.informatics.jax.org/PDXInfo/TSVData.do?	model_variation	mut
219	TM00253	http://tumor.informatics.jax.org/PDXInfo/TSVData.do?	model_variation	mut
221	TM00298	http://tumor.informatics.jax.org/PDXInfo/TSVData.do?	model_variation	mut
222	J000079689	http://tumor.informatics.jax.org/PDXInfo/TSVData.do?	model_variation	mut
223	J000101121	http://tumor.informatics.jax.org/PDXInfo/TSVData.do?	model_variation	mut
224	TM01212	http://tumor.informatics.jax.org/PDXInfo/TSVData.do?	model_variation	mut
227	TM00062	http://tumor.informatics.jax.org/PDXInfo/TSVData.do?	model_variation	mut
233	TM01612	http://tumor.informatics.jax.org/PDXInfo/TSVData.do?	model_variation	mut
234	TM00222	http://tumor.informatics.jax.org/PDXInfo/TSVData.do?	model_variation	mut
236	J000106526	http://tumor.informatics.jax.org/PDXInfo/TSVData.do?	model_variation	mut
237	TM00914	http://tumor.informatics.jax.org/PDXInfo/TSVData.do?	model_variation	mut
239	TM00226	http://tumor.informatics.jax.org/PDXInfo/TSVData.do?	model_variation	mut
248	TM01079	http://tumor.informatics.jax.org/PDXInfo/TSVData.do?	model_variation	mut
252	TM00199	http://tumor.informatics.jax.org/PDXInfo/TSVData.do?	model_variation	mut
253	TM00832	http://tumor.informatics.jax.org/PDXInfo/TSVData.do?	model_variation	mut
255	J000099999	http://tumor.informatics.jax.org/PDXInfo/TSVData.do?	model_variation	mut
256	TM01053	http://tumor.informatics.jax.org/PDXInfo/TSVData.do?	model_variation	mut
257	TM00206	http://tumor.informatics.jax.org/PDXInfo/TSVData.do?	model_variation	mut
258	TM00192	http://tumor.informatics.jax.org/PDXInfo/TSVData.do?	model_variation	mut
260	TM00208	http://tumor.informatics.jax.org/PDXInfo/TSVData.do?	model_variation	mut
263	TM01220	http://tumor.informatics.jax.org/PDXInfo/TSVData.do?	model_variation	mut
265	J000101006	http://tumor.informatics.jax.org/PDXInfo/TSVData.do?	model_variation	mut
266	J000096053	http://tumor.informatics.jax.org/PDXInfo/TSVData.do?	model_variation	mut
268	TM00136	http://tumor.informatics.jax.org/PDXInfo/TSVData.do?	model_variation	mut
269	TM01031	http://tumor.informatics.jax.org/PDXInfo/TSVData.do?	model_variation	mut
271	TM00024	http://tumor.informatics.jax.org/PDXInfo/TSVData.do?	model_variation	mut
272	J000100674	http://tumor.informatics.jax.org/PDXInfo/TSVData.do?	model_variation	mut
273	TM00356	http://tumor.informatics.jax.org/PDXInfo/TSVData.do?	model_variation	mut
275	TM00136	http://tumor.informatics.jax.org/PDXInfo/TSVData.do?	model_variation	mut
276	J000106566	http://tumor.informatics.jax.org/PDXInfo/TSVData.do?	model_variation	mut
277	J000103917	http://tumor.informatics.jax.org/PDXInfo/TSVData.do?	model_variation	mut
278	TM00896	http://tumor.informatics.jax.org/PDXInfo/TSVData.do?	model_variation	mut
282	TM00327	http://tumor.informatics.jax.org/PDXInfo/TSVData.do?	model_variation	mut
283	TM01446	http://tumor.informatics.jax.org/PDXInfo/TSVData.do?	model_variation	mut
284	TM00375	http://tumor.informatics.jax.org/PDXInfo/TSVData.do?	model_variation	mut
285	J000096053	http://tumor.informatics.jax.org/PDXInfo/TSVData.do?	model_variation	mut
286	J000102630	http://tumor.informatics.jax.org/PDXInfo/TSVData.do?	model_variation	mut
287	TM00214	http://tumor.informatics.jax.org/PDXInfo/TSVData.do?	model_variation	mut
290	TM00847	http://tumor.informatics.jax.org/PDXInfo/TSVData.do?	model_variation	mut
297	TM00334	http://tumor.informatics.jax.org/PDXInfo/TSVData.do?	model_variation	mut
300	TM00199	http://tumor.informatics.jax.org/PDXInfo/TSVData.do?	model_variation	mut
302	TM00099	http://tumor.informatics.jax.org/PDXInfo/TSVData.do?	model_variation	mut
303	TM00192	http://tumor.informatics.jax.org/PDXInfo/TSVData.do?	model_variation	mut
304	TM00099	http://tumor.informatics.jax.org/PDXInfo/TSVData.do?	model_variation	mut
305	TM01086	http://tumor.informatics.jax.org/PDXInfo/TSVData.do?	model_variation	mut
308	TM00023	http://tumor.informatics.jax.org/PDXInfo/TSVData.do?	model_variation	mut
310	TM00256	http://tumor.informatics.jax.org/PDXInfo/TSVData.do?	model_variation	mut
311	TM00096	http://tumor.informatics.jax.org/PDXInfo/TSVData.do?	model_variation	mut
312	TM01533	http://tumor.informatics.jax.org/PDXInfo/TSVData.do?	model_variation	mut
314	TM00327	http://tumor.informatics.jax.org/PDXInfo/TSVData.do?	model_variation	mut
315	TM00356	http://tumor.informatics.jax.org/PDXInfo/TSVData.do?	model_variation	mut
317	J000098169	http://tumor.informatics.jax.org/PDXInfo/TSVData.do?	model_variation	mut
319	TM00385	http://tumor.informatics.jax.org/PDXInfo/TSVData.do?	model_variation	mut
320	TM00784	http://tumor.informatics.jax.org/PDXInfo/TSVData.do?	model_variation	mut
321	J000095054	http://tumor.informatics.jax.org/PDXInfo/TSVData.do?	model_variation	mut
322	J000098169	http://tumor.informatics.jax.org/PDXInfo/TSVData.do?	model_variation	mut
324	TM01517	http://tumor.informatics.jax.org/PDXInfo/TSVData.do?	model_variation	mut
327	TM01594	http://tumor.informatics.jax.org/PDXInfo/TSVData.do?	model_variation	mut
332	J000100672	http://tumor.informatics.jax.org/PDXInfo/TSVData.do?	model_variation	mut
335	TM00091	http://tumor.informatics.jax.org/PDXInfo/TSVData.do?	model_variation	mut
340	J000101892	http://tumor.informatics.jax.org/PDXInfo/TSVData.do?	model_variation	mut
341	TM00064	http://tumor.informatics.jax.org/PDXInfo/TSVData.do?	model_variation	mut
342	TM00091	http://tumor.informatics.jax.org/PDXInfo/TSVData.do?	model_variation	mut
343	TM00015	http://tumor.informatics.jax.org/PDXInfo/TSVData.do?	model_variation	mut
344	TM00256	http://tumor.informatics.jax.org/PDXInfo/TSVData.do?	model_variation	mut
345	J000094707	http://tumor.informatics.jax.org/PDXInfo/TSVData.do?	model_variation	mut
347	TM00192	http://tumor.informatics.jax.org/PDXInfo/TSVData.do?	model_variation	mut
350	TM00176	http://tumor.informatics.jax.org/PDXInfo/TSVData.do?	model_variation	mut
351	TM00999	http://tumor.informatics.jax.org/PDXInfo/TSVData.do?	model_variation	mut
352	TM00206	http://tumor.informatics.jax.org/PDXInfo/TSVData.do?	model_variation	mut
354	TM00206	http://tumor.informatics.jax.org/PDXInfo/TSVData.do?	model_variation	mut
355	J000106134	http://tumor.informatics.jax.org/PDXInfo/TSVData.do?	model_variation	mut
357	TM00112	http://tumor.informatics.jax.org/PDXInfo/TSVData.do?	model_variation	mut
361	TM00203	http://tumor.informatics.jax.org/PDXInfo/TSVData.do?	model_variation	mut
362	TM01145	http://tumor.informatics.jax.org/PDXInfo/TSVData.do?	model_variation	mut
366	TM00375	http://tumor.informatics.jax.org/PDXInfo/TSVData.do?	model_variation	mut
368	J000102184	http://tumor.informatics.jax.org/PDXInfo/TSVData.do?	model_variation	mut
371	TM00233	http://tumor.informatics.jax.org/PDXInfo/TSVData.do?	model_variation	mut
372	TM01225	http://tumor.informatics.jax.org/PDXInfo/TSVData.do?	model_variation	mut
374	TM00847	http://tumor.informatics.jax.org/PDXInfo/TSVData.do?	model_variation	mut
377	TM00327	http://tumor.informatics.jax.org/PDXInfo/TSVData.do?	model_variation	mut
379	TM00849	http://tumor.informatics.jax.org/PDXInfo/TSVData.do?	model_variation	mut
380	J000106569	http://tumor.informatics.jax.org/PDXInfo/TSVData.do?	model_variation	mut
381	J000096053	http://tumor.informatics.jax.org/PDXInfo/TSVData.do?	model_variation	mut
385	TM00229	http://tumor.informatics.jax.org/PDXInfo/TSVData.do?	model_variation	mut
386	TM00921	http://tumor.informatics.jax.org/PDXInfo/TSVData.do?	model_variation	mut
387	TM00381	http://tumor.informatics.jax.org/PDXInfo/TSVData.do?	model_variation	mut
392	TM01423	http://tumor.informatics.jax.org/PDXInfo/TSVData.do?	model_variation	mut
394	J000099207	http://tumor.informatics.jax.org/PDXInfo/TSVData.do?	model_variation	mut
395	TM00098	http://tumor.informatics.jax.org/PDXInfo/TSVData.do?	model_variation	mut
396	TM00016	http://tumor.informatics.jax.org/PDXInfo/TSVData.do?	model_variation	mut
397	J000080230	http://tumor.informatics.jax.org/PDXInfo/TSVData.do?	model_variation	mut
398	TM01031	http://tumor.informatics.jax.org/PDXInfo/TSVData.do?	model_variation	mut
400	TM01244	http://tumor.informatics.jax.org/PDXInfo/TSVData.do?	model_variation	mut
401	TM01117	http://tumor.informatics.jax.org/PDXInfo/TSVData.do?	model_variation	mut
403	TM00016	http://tumor.informatics.jax.org/PDXInfo/TSVData.do?	model_variation	mut
405	TM01500	http://tumor.informatics.jax.org/PDXInfo/TSVData.do?	model_variation	mut
406	TM01168	http://tumor.informatics.jax.org/PDXInfo/TSVData.do?	model_variation	mut
408	TM00020	http://tumor.informatics.jax.org/PDXInfo/TSVData.do?	model_variation	mut
409	TM01225	http://tumor.informatics.jax.org/PDXInfo/TSVData.do?	model_variation	mut
412	TM00065	http://tumor.informatics.jax.org/PDXInfo/TSVData.do?	model_variation	mut
413	TM00246	http://tumor.informatics.jax.org/PDXInfo/TSVData.do?	model_variation	mut
414	TM00244	http://tumor.informatics.jax.org/PDXInfo/TSVData.do?	model_variation	mut
416	TM01441	http://tumor.informatics.jax.org/PDXInfo/TSVData.do?	model_variation	mut
420	J000101329	http://tumor.informatics.jax.org/PDXInfo/TSVData.do?	model_variation	mut
421	TM00199	http://tumor.informatics.jax.org/PDXInfo/TSVData.do?	model_variation	mut
423	TM00206	http://tumor.informatics.jax.org/PDXInfo/TSVData.do?	model_variation	mut
425	TM00073	http://tumor.informatics.jax.org/PDXInfo/TSVData.do?	model_variation	mut
427	TM00324	http://tumor.informatics.jax.org/PDXInfo/TSVData.do?	model_variation	mut
428	TM01092	http://tumor.informatics.jax.org/PDXInfo/TSVData.do?	model_variation	mut
429	TM00137	http://tumor.informatics.jax.org/PDXInfo/TSVData.do?	model_variation	mut
431	TM01443	http://tumor.informatics.jax.org/PDXInfo/TSVData.do?	model_variation	mut
432	J000079689	http://tumor.informatics.jax.org/PDXInfo/TSVData.do?	model_variation	mut
433	TM00928	http://tumor.informatics.jax.org/PDXInfo/TSVData.do?	model_variation	mut
434	TM00212	http://tumor.informatics.jax.org/PDXInfo/TSVData.do?	model_variation	mut
435	TM00089	http://tumor.informatics.jax.org/PDXInfo/TSVData.do?	model_variation	mut
437	TM00334	http://tumor.informatics.jax.org/PDXInfo/TSVData.do?	model_variation	mut
438	J000077712	http://tumor.informatics.jax.org/PDXInfo/TSVData.do?	model_variation	mut
439	TM01303	http://tumor.informatics.jax.org/PDXInfo/TSVData.do?	model_variation	mut
441	TM00226	http://tumor.informatics.jax.org/PDXInfo/TSVData.do?	model_variation	mut
442	TM00199	http://tumor.informatics.jax.org/PDXInfo/TSVData.do?	model_variation	mut
443	TM00702	http://tumor.informatics.jax.org/PDXInfo/TSVData.do?	model_variation	mut
444	TM01510	http://tumor.informatics.jax.org/PDXInfo/TSVData.do?	model_variation	mut
445	TM00025	http://tumor.informatics.jax.org/PDXInfo/TSVData.do?	model_variation	mut
446	J000099207	http://tumor.informatics.jax.org/PDXInfo/TSVData.do?	model_variation	mut
448	TM00222	http://tumor.informatics.jax.org/PDXInfo/TSVData.do?	model_variation	mut
449	TM01239	http://tumor.informatics.jax.org/PDXInfo/TSVData.do?	model_variation	mut
450	TM00327	http://tumor.informatics.jax.org/PDXInfo/TSVData.do?	model_variation	mut
451	TM00026	http://tumor.informatics.jax.org/PDXInfo/TSVData.do?	model_variation	mut
452	TM00039	http://tumor.informatics.jax.org/PDXInfo/TSVData.do?	model_variation	mut
455	TM00196	http://tumor.informatics.jax.org/PDXInfo/TSVData.do?	model_variation	mut
456	J000101121	http://tumor.informatics.jax.org/PDXInfo/TSVData.do?	model_variation	mut
457	J000104314	http://tumor.informatics.jax.org/PDXInfo/TSVData.do?	model_variation	mut
458	TM01079	http://tumor.informatics.jax.org/PDXInfo/TSVData.do?	model_variation	mut
459	TM00186	http://tumor.informatics.jax.org/PDXInfo/TSVData.do?	model_variation	mut
460	TM00832	http://tumor.informatics.jax.org/PDXInfo/TSVData.do?	model_variation	mut
461	TM00016	http://tumor.informatics.jax.org/PDXInfo/TSVData.do?	model_variation	mut
463	TM00231	http://tumor.informatics.jax.org/PDXInfo/TSVData.do?	model_variation	mut
465	TM00927	http://tumor.informatics.jax.org/PDXInfo/TSVData.do?	model_variation	mut
466	J000077712	http://tumor.informatics.jax.org/PDXInfo/TSVData.do?	model_variation	mut
468	TM00877	http://tumor.informatics.jax.org/PDXInfo/TSVData.do?	model_variation	mut
470	TM00091	http://tumor.informatics.jax.org/PDXInfo/TSVData.do?	model_variation	mut
471	TM01258	http://tumor.informatics.jax.org/PDXInfo/TSVData.do?	model_variation	mut
472	TM00327	http://tumor.informatics.jax.org/PDXInfo/TSVData.do?	model_variation	mut
473	TM00206	http://tumor.informatics.jax.org/PDXInfo/TSVData.do?	model_variation	mut
474	TM00292	http://tumor.informatics.jax.org/PDXInfo/TSVData.do?	model_variation	mut
475	TM00231	http://tumor.informatics.jax.org/PDXInfo/TSVData.do?	model_variation	mut
476	J000093018	http://tumor.informatics.jax.org/PDXInfo/TSVData.do?	model_variation	mut
477	TM00020	http://tumor.informatics.jax.org/PDXInfo/TSVData.do?	model_variation	mut
479	TM00302	http://tumor.informatics.jax.org/PDXInfo/TSVData.do?	model_variation	mut
481	TM00860	http://tumor.informatics.jax.org/PDXInfo/TSVData.do?	model_variation	mut
483	TM00244	http://tumor.informatics.jax.org/PDXInfo/TSVData.do?	model_variation	mut
484	TM00190	http://tumor.informatics.jax.org/PDXInfo/TSVData.do?	model_variation	mut
485	TM01357	http://tumor.informatics.jax.org/PDXInfo/TSVData.do?	model_variation	mut
487	TM01149	http://tumor.informatics.jax.org/PDXInfo/TSVData.do?	model_variation	mut
490	J000106124	http://tumor.informatics.jax.org/PDXInfo/TSVData.do?	model_variation	mut
491	J000102326	http://tumor.informatics.jax.org/PDXInfo/TSVData.do?	model_variation	mut
492	TM00977	http://tumor.informatics.jax.org/PDXInfo/TSVData.do?	model_variation	mut
494	TM01357	http://tumor.informatics.jax.org/PDXInfo/TSVData.do?	model_variation	mut
496	TM00184	http://tumor.informatics.jax.org/PDXInfo/TSVData.do?	model_variation	mut
497	J000077960	http://tumor.informatics.jax.org/PDXInfo/TSVData.do?	model_variation	mut
498	TM00339	http://tumor.informatics.jax.org/PDXInfo/TSVData.do?	model_variation	mut
499	TM01594	http://tumor.informatics.jax.org/PDXInfo/TSVData.do?	model_variation	mut
500	TM00327	http://tumor.informatics.jax.org/PDXInfo/TSVData.do?	model_variation	mut
501	TM00298	http://tumor.informatics.jax.org/PDXInfo/TSVData.do?	model_variation	mut
502	TM00016	http://tumor.informatics.jax.org/PDXInfo/TSVData.do?	model_variation	mut
503	TM00212	http://tumor.informatics.jax.org/PDXInfo/TSVData.do?	model_variation	mut
504	J000100646	http://tumor.informatics.jax.org/PDXInfo/TSVData.do?	model_variation	mut
506	J000101006	http://tumor.informatics.jax.org/PDXInfo/TSVData.do?	model_variation	mut
508	TM00203	http://tumor.informatics.jax.org/PDXInfo/TSVData.do?	model_variation	mut
509	TM00263	http://tumor.informatics.jax.org/PDXInfo/TSVData.do?	model_variation	mut
510	TM01533	http://tumor.informatics.jax.org/PDXInfo/TSVData.do?	model_variation	mut
511	TM00016	http://tumor.informatics.jax.org/PDXInfo/TSVData.do?	model_variation	mut
512	TM01258	http://tumor.informatics.jax.org/PDXInfo/TSVData.do?	model_variation	mut
513	TM00013	http://tumor.informatics.jax.org/PDXInfo/TSVData.do?	model_variation	mut
514	TM00339	http://tumor.informatics.jax.org/PDXInfo/TSVData.do?	model_variation	mut
516	TM00198	http://tumor.informatics.jax.org/PDXInfo/TSVData.do?	model_variation	mut
517	TM00112	http://tumor.informatics.jax.org/PDXInfo/TSVData.do?	model_variation	mut
518	TM00360	http://tumor.informatics.jax.org/PDXInfo/TSVData.do?	model_variation	mut
519	TM00188	http://tumor.informatics.jax.org/PDXInfo/TSVData.do?	model_variation	mut
520	J000099873	http://tumor.informatics.jax.org/PDXInfo/TSVData.do?	model_variation	mut
521	TM01215	http://tumor.informatics.jax.org/PDXInfo/TSVData.do?	model_variation	mut
522	TM01127	http://tumor.informatics.jax.org/PDXInfo/TSVData.do?	model_variation	mut
523	TM00186	http://tumor.informatics.jax.org/PDXInfo/TSVData.do?	model_variation	mut
525	TM00226	http://tumor.informatics.jax.org/PDXInfo/TSVData.do?	model_variation	mut
526	TM01076	http://tumor.informatics.jax.org/PDXInfo/TSVData.do?	model_variation	mut
530	TM00274	http://tumor.informatics.jax.org/PDXInfo/TSVData.do?	model_variation	mut
531	TM01063	http://tumor.informatics.jax.org/PDXInfo/TSVData.do?	model_variation	mut
533	TM00075	http://tumor.informatics.jax.org/PDXInfo/TSVData.do?	model_variation	mut
534	TM00302	http://tumor.informatics.jax.org/PDXInfo/TSVData.do?	model_variation	mut
536	TM00263	http://tumor.informatics.jax.org/PDXInfo/TSVData.do?	model_variation	mut
537	J000094100	http://tumor.informatics.jax.org/PDXInfo/TSVData.do?	model_variation	mut
538	J000077712	http://tumor.informatics.jax.org/PDXInfo/TSVData.do?	model_variation	mut
539	TM00091	http://tumor.informatics.jax.org/PDXInfo/TSVData.do?	model_variation	mut
540	TM00107	http://tumor.informatics.jax.org/PDXInfo/TSVData.do?	model_variation	mut
542	TM00302	http://tumor.informatics.jax.org/PDXInfo/TSVData.do?	model_variation	mut
543	TM00062	http://tumor.informatics.jax.org/PDXInfo/TSVData.do?	model_variation	mut
544	J000099318	http://tumor.informatics.jax.org/PDXInfo/TSVData.do?	model_variation	mut
545	TM00926	http://tumor.informatics.jax.org/PDXInfo/TSVData.do?	model_variation	mut
546	J000096652	http://tumor.informatics.jax.org/PDXInfo/TSVData.do?	model_variation	mut
548	TM00096	http://tumor.informatics.jax.org/PDXInfo/TSVData.do?	model_variation	mut
549	J000106535	http://tumor.informatics.jax.org/PDXInfo/TSVData.do?	model_variation	mut
550	TM00203	http://tumor.informatics.jax.org/PDXInfo/TSVData.do?	model_variation	mut
552	TM00080	http://tumor.informatics.jax.org/PDXInfo/TSVData.do?	model_variation	mut
554	J000099318	http://tumor.informatics.jax.org/PDXInfo/TSVData.do?	model_variation	mut
555	TM01225	http://tumor.informatics.jax.org/PDXInfo/TSVData.do?	model_variation	mut
557	TM00355	http://tumor.informatics.jax.org/PDXInfo/TSVData.do?	model_variation	mut
558	TM01498	http://tumor.informatics.jax.org/PDXInfo/TSVData.do?	model_variation	mut
559	J000099257	http://tumor.informatics.jax.org/PDXInfo/TSVData.do?	model_variation	mut
560	TM01264	http://tumor.informatics.jax.org/PDXInfo/TSVData.do?	model_variation	mut
561	TM00192	http://tumor.informatics.jax.org/PDXInfo/TSVData.do?	model_variation	mut
564	J000095635	http://tumor.informatics.jax.org/PDXInfo/TSVData.do?	model_variation	mut
565	TM01373	http://tumor.informatics.jax.org/PDXInfo/TSVData.do?	model_variation	mut
566	J000094290	http://tumor.informatics.jax.org/PDXInfo/TSVData.do?	model_variation	mut
568	TM00097	http://tumor.informatics.jax.org/PDXInfo/TSVData.do?	model_variation	mut
569	TM00013	http://tumor.informatics.jax.org/PDXInfo/TSVData.do?	model_variation	mut
570	TM00090	http://tumor.informatics.jax.org/PDXInfo/TSVData.do?	model_variation	mut
571	J000097253	http://tumor.informatics.jax.org/PDXInfo/TSVData.do?	model_variation	mut
572	J000106565	http://tumor.informatics.jax.org/PDXInfo/TSVData.do?	model_variation	mut
573	TM00256	http://tumor.informatics.jax.org/PDXInfo/TSVData.do?	model_variation	mut
576	TM01354	http://tumor.informatics.jax.org/PDXInfo/TSVData.do?	model_variation	mut
577	TM00860	http://tumor.informatics.jax.org/PDXInfo/TSVData.do?	model_variation	mut
579	TM00920	http://tumor.informatics.jax.org/PDXInfo/TSVData.do?	model_variation	mut
581	TM01500	http://tumor.informatics.jax.org/PDXInfo/TSVData.do?	model_variation	mut
582	TM00360	http://tumor.informatics.jax.org/PDXInfo/TSVData.do?	model_variation	mut
583	TM00020	http://tumor.informatics.jax.org/PDXInfo/TSVData.do?	model_variation	mut
585	J000102680	http://tumor.informatics.jax.org/PDXInfo/TSVData.do?	model_variation	mut
586	TM00229	http://tumor.informatics.jax.org/PDXInfo/TSVData.do?	model_variation	mut
587	TM01120	http://tumor.informatics.jax.org/PDXInfo/TSVData.do?	model_variation	mut
588	TM01014	http://tumor.informatics.jax.org/PDXInfo/TSVData.do?	model_variation	mut
589	TM01144	http://tumor.informatics.jax.org/PDXInfo/TSVData.do?	model_variation	mut
590	TM00317	http://tumor.informatics.jax.org/PDXInfo/TSVData.do?	model_variation	mut
591	TM01244	http://tumor.informatics.jax.org/PDXInfo/TSVData.do?	model_variation	mut
592	TM00219	http://tumor.informatics.jax.org/PDXInfo/TSVData.do?	model_variation	mut
594	TM00203	http://tumor.informatics.jax.org/PDXInfo/TSVData.do?	model_variation	mut
597	TM00302	http://tumor.informatics.jax.org/PDXInfo/TSVData.do?	model_variation	mut
598	TM00107	http://tumor.informatics.jax.org/PDXInfo/TSVData.do?	model_variation	mut
599	TM00039	http://tumor.informatics.jax.org/PDXInfo/TSVData.do?	model_variation	mut
602	TM00931	http://tumor.informatics.jax.org/PDXInfo/TSVData.do?	model_variation	mut
603	TM01373	http://tumor.informatics.jax.org/PDXInfo/TSVData.do?	model_variation	mut
604	TM00943	http://tumor.informatics.jax.org/PDXInfo/TSVData.do?	model_variation	mut
605	TM00920	http://tumor.informatics.jax.org/PDXInfo/TSVData.do?	model_variation	mut
607	TM00098	http://tumor.informatics.jax.org/PDXInfo/TSVData.do?	model_variation	mut
608	J000100646	http://tumor.informatics.jax.org/PDXInfo/TSVData.do?	model_variation	mut
610	J000106143	http://tumor.informatics.jax.org/PDXInfo/TSVData.do?	model_variation	mut
611	TM00332	http://tumor.informatics.jax.org/PDXInfo/TSVData.do?	model_variation	mut
614	J000096053	http://tumor.informatics.jax.org/PDXInfo/TSVData.do?	model_variation	mut
615	TM01569	http://tumor.informatics.jax.org/PDXInfo/TSVData.do?	model_variation	mut
617	TM01075	http://tumor.informatics.jax.org/PDXInfo/TSVData.do?	model_variation	mut
619	TM00199	http://tumor.informatics.jax.org/PDXInfo/TSVData.do?	model_variation	mut
620	TM00784	http://tumor.informatics.jax.org/PDXInfo/TSVData.do?	model_variation	mut
621	TM01302	http://tumor.informatics.jax.org/PDXInfo/TSVData.do?	model_variation	mut
622	TM00233	http://tumor.informatics.jax.org/PDXInfo/TSVData.do?	model_variation	mut
623	J000096652	http://tumor.informatics.jax.org/PDXInfo/TSVData.do?	model_variation	mut
624	TM00980	http://tumor.informatics.jax.org/PDXInfo/TSVData.do?	model_variation	mut
625	TM01127	http://tumor.informatics.jax.org/PDXInfo/TSVData.do?	model_variation	mut
626	J000100674	http://tumor.informatics.jax.org/PDXInfo/TSVData.do?	model_variation	mut
628	TM00927	http://tumor.informatics.jax.org/PDXInfo/TSVData.do?	model_variation	mut
629	TM00208	http://tumor.informatics.jax.org/PDXInfo/TSVData.do?	model_variation	mut
630	TM00386	http://tumor.informatics.jax.org/PDXInfo/TSVData.do?	model_variation	mut
631	J000100365	http://tumor.informatics.jax.org/PDXInfo/TSVData.do?	model_variation	mut
633	TM00219	http://tumor.informatics.jax.org/PDXInfo/TSVData.do?	model_variation	mut
634	TM00078	http://tumor.informatics.jax.org/PDXInfo/TSVData.do?	model_variation	mut
635	TM00137	http://tumor.informatics.jax.org/PDXInfo/TSVData.do?	model_variation	mut
636	TM00073	http://tumor.informatics.jax.org/PDXInfo/TSVData.do?	model_variation	mut
638	TM00015	http://tumor.informatics.jax.org/PDXInfo/TSVData.do?	model_variation	mut
639	TM00233	http://tumor.informatics.jax.org/PDXInfo/TSVData.do?	model_variation	mut
642	J000092712	http://tumor.informatics.jax.org/PDXInfo/TSVData.do?	model_variation	mut
644	J000094707	http://tumor.informatics.jax.org/PDXInfo/TSVData.do?	model_variation	mut
645	TM00020	http://tumor.informatics.jax.org/PDXInfo/TSVData.do?	model_variation	mut
646	TM00980	http://tumor.informatics.jax.org/PDXInfo/TSVData.do?	model_variation	mut
647	TM00335	http://tumor.informatics.jax.org/PDXInfo/TSVData.do?	model_variation	mut
648	TM01130	http://tumor.informatics.jax.org/PDXInfo/TSVData.do?	model_variation	mut
649	TM01007	http://tumor.informatics.jax.org/PDXInfo/TSVData.do?	model_variation	mut
651	TM01442	http://tumor.informatics.jax.org/PDXInfo/TSVData.do?	model_variation	mut
652	TM01244	http://tumor.informatics.jax.org/PDXInfo/TSVData.do?	model_variation	mut
653	TM00360	http://tumor.informatics.jax.org/PDXInfo/TSVData.do?	model_variation	mut
654	TM00016	http://tumor.informatics.jax.org/PDXInfo/TSVData.do?	model_variation	mut
655	TM00063	http://tumor.informatics.jax.org/PDXInfo/TSVData.do?	model_variation	mut
657	TM00943	http://tumor.informatics.jax.org/PDXInfo/TSVData.do?	model_variation	mut
658	TM00196	http://tumor.informatics.jax.org/PDXInfo/TSVData.do?	model_variation	mut
659	TM00327	http://tumor.informatics.jax.org/PDXInfo/TSVData.do?	model_variation	mut
660	TM00096	http://tumor.informatics.jax.org/PDXInfo/TSVData.do?	model_variation	mut
662	J000101006	http://tumor.informatics.jax.org/PDXInfo/TSVData.do?	model_variation	mut
663	J000079689	http://tumor.informatics.jax.org/PDXInfo/TSVData.do?	model_variation	mut
664	TM00884	http://tumor.informatics.jax.org/PDXInfo/TSVData.do?	model_variation	mut
665	TM00375	http://tumor.informatics.jax.org/PDXInfo/TSVData.do?	model_variation	mut
667	TM01353	http://tumor.informatics.jax.org/PDXInfo/TSVData.do?	model_variation	mut
668	J000106565	http://tumor.informatics.jax.org/PDXInfo/TSVData.do?	model_variation	mut
669	J000106531	http://tumor.informatics.jax.org/PDXInfo/TSVData.do?	model_variation	mut
671	TM00062	http://tumor.informatics.jax.org/PDXInfo/TSVData.do?	model_variation	mut
672	TM00314	http://tumor.informatics.jax.org/PDXInfo/TSVData.do?	model_variation	mut
673	TM00204	http://tumor.informatics.jax.org/PDXInfo/TSVData.do?	model_variation	mut
674	TM01258	http://tumor.informatics.jax.org/PDXInfo/TSVData.do?	model_variation	mut
675	J000077960	http://tumor.informatics.jax.org/PDXInfo/TSVData.do?	model_variation	mut
676	TM00877	http://tumor.informatics.jax.org/PDXInfo/TSVData.do?	model_variation	mut
677	TM00170	http://tumor.informatics.jax.org/PDXInfo/TSVData.do?	model_variation	mut
680	J000093933	http://tumor.informatics.jax.org/PDXInfo/TSVData.do?	model_variation	mut
681	TM00097	http://tumor.informatics.jax.org/PDXInfo/TSVData.do?	model_variation	mut
682	TM00203	http://tumor.informatics.jax.org/PDXInfo/TSVData.do?	model_variation	mut
683	J000101121	http://tumor.informatics.jax.org/PDXInfo/TSVData.do?	model_variation	mut
684	TM00185	http://tumor.informatics.jax.org/PDXInfo/TSVData.do?	model_variation	mut
685	TM00376	http://tumor.informatics.jax.org/PDXInfo/TSVData.do?	model_variation	mut
687	TM01048	http://tumor.informatics.jax.org/PDXInfo/TSVData.do?	model_variation	mut
688	TM00186	http://tumor.informatics.jax.org/PDXInfo/TSVData.do?	model_variation	mut
689	TM00198	http://tumor.informatics.jax.org/PDXInfo/TSVData.do?	model_variation	mut
690	TM00103	http://tumor.informatics.jax.org/PDXInfo/TSVData.do?	model_variation	mut
692	TM01137	http://tumor.informatics.jax.org/PDXInfo/TSVData.do?	model_variation	mut
693	TM00914	http://tumor.informatics.jax.org/PDXInfo/TSVData.do?	model_variation	mut
695	J000093555	http://tumor.informatics.jax.org/PDXInfo/TSVData.do?	model_variation	mut
696	TM00887	http://tumor.informatics.jax.org/PDXInfo/TSVData.do?	model_variation	mut
697	TM00204	http://tumor.informatics.jax.org/PDXInfo/TSVData.do?	model_variation	mut
698	TM00246	http://tumor.informatics.jax.org/PDXInfo/TSVData.do?	model_variation	mut
699	TM00026	http://tumor.informatics.jax.org/PDXInfo/TSVData.do?	model_variation	mut
703	TM01125	http://tumor.informatics.jax.org/PDXInfo/TSVData.do?	model_variation	mut
705	TM00113	http://tumor.informatics.jax.org/PDXInfo/TSVData.do?	model_variation	mut
706	TM01007	http://tumor.informatics.jax.org/PDXInfo/TSVData.do?	model_variation	mut
707	TM01231	http://tumor.informatics.jax.org/PDXInfo/TSVData.do?	model_variation	mut
708	TM00356	http://tumor.informatics.jax.org/PDXInfo/TSVData.do?	model_variation	mut
709	J000106569	http://tumor.informatics.jax.org/PDXInfo/TSVData.do?	model_variation	mut
713	TM00024	http://tumor.informatics.jax.org/PDXInfo/TSVData.do?	model_variation	mut
715	TM00170	http://tumor.informatics.jax.org/PDXInfo/TSVData.do?	model_variation	mut
716	J000077973	http://tumor.informatics.jax.org/PDXInfo/TSVData.do?	model_variation	mut
718	J000094707	http://tumor.informatics.jax.org/PDXInfo/TSVData.do?	model_variation	mut
720	TM00208	http://tumor.informatics.jax.org/PDXInfo/TSVData.do?	model_variation	mut
721	TM01344	http://tumor.informatics.jax.org/PDXInfo/TSVData.do?	model_variation	mut
722	TM00190	http://tumor.informatics.jax.org/PDXInfo/TSVData.do?	model_variation	mut
723	J000101329	http://tumor.informatics.jax.org/PDXInfo/TSVData.do?	model_variation	mut
724	J000106536	http://tumor.informatics.jax.org/PDXInfo/TSVData.do?	model_variation	mut
725	J000078366	http://tumor.informatics.jax.org/PDXInfo/TSVData.do?	model_variation	mut
726	J000077712	http://tumor.informatics.jax.org/PDXInfo/TSVData.do?	model_variation	mut
727	TM00327	http://tumor.informatics.jax.org/PDXInfo/TSVData.do?	model_variation	mut
728	TM00206	http://tumor.informatics.jax.org/PDXInfo/TSVData.do?	model_variation	mut
729	TM00213	http://tumor.informatics.jax.org/PDXInfo/TSVData.do?	model_variation	mut
730	TM00023	http://tumor.informatics.jax.org/PDXInfo/TSVData.do?	model_variation	mut
731	TM00231	http://tumor.informatics.jax.org/PDXInfo/TSVData.do?	model_variation	mut
732	TM01237	http://tumor.informatics.jax.org/PDXInfo/TSVData.do?	model_variation	mut
734	TM00090	http://tumor.informatics.jax.org/PDXInfo/TSVData.do?	model_variation	mut
735	TM01340	http://tumor.informatics.jax.org/PDXInfo/TSVData.do?	model_variation	mut
736	TM01464	http://tumor.informatics.jax.org/PDXInfo/TSVData.do?	model_variation	mut
737	TM00090	http://tumor.informatics.jax.org/PDXInfo/TSVData.do?	model_variation	mut
738	TM00199	http://tumor.informatics.jax.org/PDXInfo/TSVData.do?	model_variation	mut
740	TM00832	http://tumor.informatics.jax.org/PDXInfo/TSVData.do?	model_variation	mut
741	J000077973	http://tumor.informatics.jax.org/PDXInfo/TSVData.do?	model_variation	mut
742	TM00084	http://tumor.informatics.jax.org/PDXInfo/TSVData.do?	model_variation	mut
743	TM01245	http://tumor.informatics.jax.org/PDXInfo/TSVData.do?	model_variation	mut
744	TM00927	http://tumor.informatics.jax.org/PDXInfo/TSVData.do?	model_variation	mut
745	TM01031	http://tumor.informatics.jax.org/PDXInfo/TSVData.do?	model_variation	mut
746	J000106532	http://tumor.informatics.jax.org/PDXInfo/TSVData.do?	model_variation	mut
747	TM00070	http://tumor.informatics.jax.org/PDXInfo/TSVData.do?	model_variation	mut
749	TM00185	http://tumor.informatics.jax.org/PDXInfo/TSVData.do?	model_variation	mut
750	J000100675	http://tumor.informatics.jax.org/PDXInfo/TSVData.do?	model_variation	mut
751	TM01085	http://tumor.informatics.jax.org/PDXInfo/TSVData.do?	model_variation	mut
752	J000097253	http://tumor.informatics.jax.org/PDXInfo/TSVData.do?	model_variation	mut
753	J000095633	http://tumor.informatics.jax.org/PDXInfo/TSVData.do?	model_variation	mut
754	J000093572	http://tumor.informatics.jax.org/PDXInfo/TSVData.do?	model_variation	mut
755	TM00204	http://tumor.informatics.jax.org/PDXInfo/TSVData.do?	model_variation	mut
756	TM00312	http://tumor.informatics.jax.org/PDXInfo/TSVData.do?	model_variation	mut
757	J000101328	http://tumor.informatics.jax.org/PDXInfo/TSVData.do?	model_variation	mut
758	TM00229	http://tumor.informatics.jax.org/PDXInfo/TSVData.do?	model_variation	mut
759	TM01030	http://tumor.informatics.jax.org/PDXInfo/TSVData.do?	model_variation	mut
760	TM01148	http://tumor.informatics.jax.org/PDXInfo/TSVData.do?	model_variation	mut
761	TM00931	http://tumor.informatics.jax.org/PDXInfo/TSVData.do?	model_variation	mut
763	TM00193	http://tumor.informatics.jax.org/PDXInfo/TSVData.do?	model_variation	mut
765	TM00135	http://tumor.informatics.jax.org/PDXInfo/TSVData.do?	model_variation	mut
766	J000095054	http://tumor.informatics.jax.org/PDXInfo/TSVData.do?	model_variation	mut
767	J000104518	http://tumor.informatics.jax.org/PDXInfo/TSVData.do?	model_variation	mut
769	TM00097	http://tumor.informatics.jax.org/PDXInfo/TSVData.do?	model_variation	mut
770	TM00016	http://tumor.informatics.jax.org/PDXInfo/TSVData.do?	model_variation	mut
771	TM00076	http://tumor.informatics.jax.org/PDXInfo/TSVData.do?	model_variation	mut
773	TM00958	http://tumor.informatics.jax.org/PDXInfo/TSVData.do?	model_variation	mut
774	TM01446	http://tumor.informatics.jax.org/PDXInfo/TSVData.do?	model_variation	mut
777	TM00324	http://tumor.informatics.jax.org/PDXInfo/TSVData.do?	model_variation	mut
779	TM00360	http://tumor.informatics.jax.org/PDXInfo/TSVData.do?	model_variation	mut
781	TM01284	http://tumor.informatics.jax.org/PDXInfo/TSVData.do?	model_variation	mut
782	TM00355	http://tumor.informatics.jax.org/PDXInfo/TSVData.do?	model_variation	mut
783	TM00176	http://tumor.informatics.jax.org/PDXInfo/TSVData.do?	model_variation	mut
784	TM00026	http://tumor.informatics.jax.org/PDXInfo/TSVData.do?	model_variation	mut
785	TM00077	http://tumor.informatics.jax.org/PDXInfo/TSVData.do?	model_variation	mut
786	TM01048	http://tumor.informatics.jax.org/PDXInfo/TSVData.do?	model_variation	mut
787	TM00231	http://tumor.informatics.jax.org/PDXInfo/TSVData.do?	model_variation	mut
788	TM00107	http://tumor.informatics.jax.org/PDXInfo/TSVData.do?	model_variation	mut
789	TM00356	http://tumor.informatics.jax.org/PDXInfo/TSVData.do?	model_variation	mut
791	TM01420	http://tumor.informatics.jax.org/PDXInfo/TSVData.do?	model_variation	mut
792	TM01121	http://tumor.informatics.jax.org/PDXInfo/TSVData.do?	model_variation	mut
793	TM00076	http://tumor.informatics.jax.org/PDXInfo/TSVData.do?	model_variation	mut
794	TM00888	http://tumor.informatics.jax.org/PDXInfo/TSVData.do?	model_variation	mut
795	TM01212	http://tumor.informatics.jax.org/PDXInfo/TSVData.do?	model_variation	mut
796	J000096053	http://tumor.informatics.jax.org/PDXInfo/TSVData.do?	model_variation	mut
797	TM00203	http://tumor.informatics.jax.org/PDXInfo/TSVData.do?	model_variation	mut
798	TM00311	http://tumor.informatics.jax.org/PDXInfo/TSVData.do?	model_variation	mut
799	TM01244	http://tumor.informatics.jax.org/PDXInfo/TSVData.do?	model_variation	mut
800	TM00091	http://tumor.informatics.jax.org/PDXInfo/TSVData.do?	model_variation	mut
801	TM00212	http://tumor.informatics.jax.org/PDXInfo/TSVData.do?	model_variation	mut
802	TM00360	http://tumor.informatics.jax.org/PDXInfo/TSVData.do?	model_variation	mut
